지점,지점명,일시,평균기온(°C),최저기온(°C),최고기온(°C),평균최저기온(°C),평균최고기온(°C),평균 해면기압(hPa),합계 강수량(mm),일 최다 강수량(mm),평균 상대습도(%),합계 일조시간(hr),일조율(%),합계 일사량(MJ/m2),평균 풍속(m/s),최다 풍향(16방위),합계 소형 증발량(mm),합계 대형 증발량(mm),,,
278,의성,1971,,,,,,,,,,,,,,290,,,,,
278,의성,1972,,,,,,,,,,,,,,270,,,,,
278,의성,1973,11.8,-17.5,36.6,5.9,18.5,,804.9,84.7,71.7,2824.3,63.7,6647.98,1.4,270,1251.8,767,,,
278,의성,1974,10.5,-22.5,34.5,4.6,17.4,,1031.8,80,72.2,2661.8,60.04,8713.28,1.4,290,1159.5,672.9,,,
278,의성,1975,11.9,-14.9,34.8,6.3,18.3,,1184,119.2,75.7,2520.5,56.86,8246.02,1.3,70,1140.5,684,,,
278,의성,1976,10.8,-18.8,34.4,4.7,17.5,,819.6,102,73.3,2415.1,54.35,7401.19,1.4,290,1194.5,528.9,,,
278,의성,1977,11.5,-20,37.2,5.1,18.8,,780.9,107,70.6,2518,56.8,7672.64,1.3,140,1305.7,436.2,,,
278,의성,1978,12,-14.4,36.1,5.7,19.1,,1013.8,76.1,71.9,2513.3,56.69,7853.13,1.3,230,1343.1,667.4,,,
278,의성,1979,11.5,-13.8,34.3,5.4,18.7,,945.7,57.5,74,2398.1,54.1,7642.6,1.3,230,1253.3,694.3,,,
278,의성,1980,10.2,-19.7,33.7,4,17.1,,1097.8,63.5,72.7,2283.2,51.37,6325.83,1.1,270,1155.5,565.5,,,
278,의성,1981,10.4,-23.3,35.5,3.9,17.9,,863.9,112.5,70.3,2493.6,56.25,4823.43,1,270,1295.9,628.1,,,
278,의성,1982,11.4,-18.6,36.7,4.7,19.1,,697.5,96,69.6,2511.8,56.66,,0.9,230,1395.9,675.7,,,
278,의성,1983,11.2,-18.4,36.1,4.6,18.6,,1051.5,130.8,70.6,2438.2,54.81,,1,230,1333.6,,,,
278,의성,1984,10.6,-19.4,37.4,4,18.2,,1170.1,156,68.6,2517.9,56.47,,1,270,1261.4,,,,
278,의성,1985,11.1,-20.4,36.1,5.3,17.7,,1168.8,96.8,67.5,2294.8,51.58,,1,270,1179,,,,
278,의성,1986,10.3,-17.7,35.4,4.3,17.5,1016.3,899.3,72.3,65,2378.5,53.47,,1,270,1194.1,,,,
278,의성,1987,10.9,-18.2,34.4,4.7,18.4,1016.6,1043.2,100.4,70.2,2387.9,53.68,,1,270,1163.5,,,,
278,의성,1988,10.5,-15.8,35.9,3.9,18.2,1016.4,770.5,55.1,68.6,2434.1,54.6,,1.1,270,1264.9,,,,
278,의성,1989,11.7,-14.7,34.3,5.5,18.9,1017.9,1087,78.3,73.3,2242,50.39,,0.9,270,1115.6,,,,
278,의성,1990,12,-21.5,36.3,6,19,1020.1,1063.9,69.3,77.3,2097.5,47.15,,1,270,982.3,119,,,
278,의성,1991,10.8,-19.5,34.2,4.4,18.6,1019.8,1016.9,84.5,72.1,2242.2,50.41,,1,270,1005.5,579.1,,,
278,의성,1992,10.9,-14.8,35.5,4.5,18.6,1016.7,908.7,86.5,74.2,2101.8,47.14,,1,270,979.5,563.7,,,
278,의성,1993,10.3,-21.3,32.4,3.7,18,1016.1,1239.2,78.5,78.7,2062,46.35,,1.1,270,989.5,481.7,,,
278,의성,1994,11.7,-17.7,38.5,4.2,20.2,1015.8,505.1,40,72,2423.3,54.47,,1.2,270,1337.3,735.1,,,
278,의성,1995,10.4,-17.5,37.5,3.3,18.9,1015.9,776.7,120.5,73.1,2364.6,53.16,,1.2,270,1222,599,,,
278,의성,1996,11,-18.2,37.2,4.2,19.1,1015.9,805.6,93,70,2262.9,50.76,,1.2,270,1280.9,538.9,,,
278,의성,1997,11.2,-18.9,35.8,4.2,19.4,1015.1,987.8,95,62.8,2361.5,53.08,,1.2,270,,,,,
278,의성,1998,12.1,-17,34.1,6.1,19.4,1015.7,1368.6,155.5,64.2,1934.7,43.49,,0.9,290,,,,,
278,의성,1999,11.6,-16.5,34.5,5.1,19.1,1015.6,1103.8,82,60.9,2078.2,46.72,,1,290,,,,,
278,의성,2000,11.4,-14.7,35.6,4.7,19,1016.3,1014.5,104.5,61.7,1733.9,50.6,,1,270,,,,,
278,의성,2001,11,-18.6,35.7,4.3,18.8,1016.6,622.8,55,59.9,2741.7,61.62,,0.9,290,,,,,
278,의성,2002,10.8,-18,34.4,4.4,18.1,1016.3,1430.9,111.5,63.8,2174.2,48.84,,0.8,290,,,,,
278,의성,2003,10.9,-19.1,34.2,5.2,17.8,1016.9,1696.5,121.5,71.9,1829,41.09,,0.9,290,,,,,
278,의성,2004,11.8,-16.2,35.9,5.4,19.5,1016.6,1475,215.5,65.9,2134.1,47.84,,1.1,290,,,,,
278,의성,2005,11.1,-19,35.4,4.6,18.4,1016.3,848.5,117,66.4,2115.2,47.52,,1.2,290,,,,,
278,의성,2006,11.9,-17.2,37.3,5.8,19.1,1016.4,1392.6,164,68.5,1953.8,43.89,,1.1,270,,558,,,
278,의성,2007,12.5,-14.8,35.6,6.3,20,1016.1,1324.3,89,70.8,1912.2,42.95,,1.1,290,,,,,
278,의성,2008,11.8,-15.9,35.9,5.2,19.5,1016.5,786.2,95,69.3,2121,47.53,,1.2,360,,,,,
278,의성,2009,12.1,-18.7,34.7,5.4,19.8,1015.8,768.6,73,67.1,2098.6,47.15,,1.3,290,,,,,
278,의성,2010,11.7,-20,36,5.4,18.9,1016.4,1062.1,77.5,68.7,1998.5,44.9,,1.2,290,,,,,
278,의성,2011,11.5,-21.1,35,5,18.8,1016.7,1130.5,93,66.8,2056.8,46.2,,1.3,290,,,,,
278,의성,2012,11.3,-22.1,37.6,4.8,18.6,1016,1007.9,118.5,67.2,2090.5,46.85,,1.4,290,,,,,
278,의성,2013,11.9,-23.2,36.9,5.4,19.5,1015.9,851,84,69.2,2182.9,49.04,,1.3,290,,,,,
278,의성,2014,11.7,-16.3,37,5.1,19.4,1016.6,869.4,88.5,68.3,2037.9,45.78,,1.2,290,,,,,
278,의성,2015,12.1,-16.3,38.7,5.7,19.5,1016.5,596.5,35.5,69.1,2166.5,48.67,,1.2,290,,,,,
278,의성,2016,12.7,-19.3,38,6.5,20,1016.5,1017.5,88.5,70.5,2224.6,49.86,,1.2,360,,,,,
278,의성,2017,11.9,-16.7,36.6,5,19.9,1016.6,691.7,63,63.8,2518.7,56.58,,1.3,360,,,,,
278,의성,2018,12.4,-19.2,40.4,5.7,20.2,1016.9,1079.4,88.5,64.7,2448.1,55,,1.3,360,,,,,
278,의성,2019,12.9,-13.7,37.6,6.3,20.7,1016.4,831.3,88.5,65.1,2374.3,53.34,,1.2,360,,,,,
278,의성,2020,12.3,-15.9,35.9,6.1,19.5,1016,1128.9,71.5,71.3,2174.3,48.85,,1.1,290,,,,,
278,의성,2021,12.4,-21.6,37,6.3,19.7,1015.9,961.7,53.7,73.6,2079.9,46.72,,1,290,,,,,
278,의성,2022,12.2,-16.3,37.2,5.6,19.7,1015.8,615.1,34.9,68.6,2295.8,51.58,,1.1,290,,,,,
278,의성,2023,12.9,-19.2,37.1,6.7,20.3,1015.7,1575.4,97.7,73.1,2224.3,50.11,,1,290,,,,,
100,대관령,1971,,-19.6,29.6,,,,282.5,200.8,,,,,,270,,,,,
100,대관령,1972,6.3,-22,30.5,1.1,11.6,1021.1,1637.4,188.8,80.3,2790.7,62.76,4294.3,3,290,1104.5,,,,
100,대관령,1973,6.6,-24.7,32.7,1.6,11.7,1021.2,1145.3,121.3,82,2873.4,64.78,4364.06,2.9,290,1088.2,,,,
100,대관령,1974,5.6,-28.9,29.1,0.4,11,1021.1,1265.1,134.4,79.9,2757.8,62.18,2968.32,2.7,290,960.6,,,,
100,대관령,1975,6.6,-22.6,29.8,1.8,11.6,1021.2,1796.7,131.5,80.8,2590.2,58.4,2271.51,2.4,270,1011.2,,,,
100,대관령,1976,5.9,-23.5,27.9,0.8,11.2,1021.1,1535.1,128.4,75.5,2748.2,61.81,2380.94,2.7,270,1007.7,,,,
100,대관령,1977,6.7,-25.1,32,1.2,12.4,1021.7,1175.3,89.5,76.8,2727.2,61.49,3894.09,2.6,270,1067,,,,
100,대관령,1978,7.1,-27.6,31,1.9,12.4,1021,1605.2,118.2,76.2,2445.7,55.14,3948.06,3.1,290,1150.2,,,,
100,대관령,1979,7,-21.3,29.2,2,12.2,1020.9,1192.7,72.7,76.8,2211,49.85,3379.57,3.6,290,1065.6,,,,
100,대관령,1980,5.6,-25.6,29.4,0.7,10.7,1021,1626.2,106,76.3,2176.2,48.94,3428.53,3.7,290,1018.4,,,,
100,대관령,1981,5.9,-26.5,30.1,0.6,11.5,1020.8,1529.6,169.8,74.3,2373.2,53.51,4359.18,3.5,290,1124.4,,,,
100,대관령,1982,6.6,-23.9,29.2,1.4,12.2,1021.3,1252.6,303,75.7,2399.5,54.1,4964.23,3.3,270,1063.2,,,,
100,대관령,1983,6.5,-24.6,31.1,1.3,11.5,1021.3,1270.3,97.8,71.9,2348.9,52.76,5207.58,3.5,270,1035.2,401,,,
100,대관령,1984,5.9,-25.8,31,0.9,10.9,1021.7,1699.3,242.4,72.8,2337.5,52.4,5250.85,3.1,290,974.7,360.4,,,
100,대관령,1985,6.5,-22.2,28.9,1.8,11.3,1021.5,1744.7,197,74.7,2194.1,49.29,4253.7,3.5,320,964.1,437.5,,,
100,대관령,1986,5.7,-24.4,29.3,0.8,10.6,1019.4,1476.1,142.9,73,2217.9,49.83,4007.06,4.1,320,969.1,411.4,,,
100,대관령,1987,6.5,-20.7,28.3,1.9,11.2,1016.5,1626.7,158,71.7,2400.8,53.93,4965.64,5.3,270,1204.1,495.8,,,
100,대관령,1988,5.8,-20.5,28.6,1.6,10.3,1016.2,1968.1,157.2,71.8,2219,49.74,4617.12,4.9,270,1161.4,413,,,
100,대관령,1989,6.7,-20.6,28,2.6,11,1017,2193.9,195.1,73.9,1930.4,43.37,4123.39,4.4,250,1024,452.1,,,
100,대관령,1990,6.9,-22.2,29.2,2.8,11.4,1017,2316.2,330.8,78.8,2016,45.29,4494.93,4.8,290,1031,467.2,,,
100,대관령,1991,6.1,-22.2,26.5,1.8,11,1016.6,2461.5,234.2,74.4,2246.5,50.46,4506.17,4.7,270,1137.3,470.1,,,
100,대관령,1992,6.1,-19.5,28.4,1.9,10.8,1016.6,2187.9,137.8,73.8,2107.1,47.23,3965.71,4.7,270,1006.2,407.2,,,
100,대관령,1993,5.7,-23.4,25.3,1.1,10.4,1016.7,2353.6,349,74.4,2074.4,46.6,4295.27,4.5,270,1017.2,395.2,,,
100,대관령,1994,7.3,-20.4,31,2.7,12.7,1016.3,1444.1,139.3,71.3,2331.3,52.37,4657.77,4.6,250,1224.2,536.3,,,
100,대관령,1995,6.1,-19,29.3,1.6,11,1016,1337.8,101.6,67.6,2249.5,50.53,4555.44,4.8,270,1167.1,466.8,,,
100,대관령,1996,6,-20.1,29.5,1.5,10.8,1016.5,1439.1,94.5,70.3,2145.4,48.09,4450.72,4.2,270,992.8,356.5,,,
100,대관령,1997,6.7,-20.6,29,2,11.4,1016.2,1760.5,101,72.4,2236.3,50.23,4423.88,4.6,270,1120.2,408.5,,,
100,대관령,1998,7.5,-21.5,27.3,3.4,11.6,1016.8,2998.3,256,76.6,1922,43.18,3719.92,4.2,270,209,,,,
100,대관령,1999,7,-20,30.1,2.7,11.8,1016.1,2199.2,233.1,72.3,2243.3,50.39,4321.3,4.4,270,,,,,
100,대관령,2000,6.9,-20.2,30.3,2.2,11.9,1015.5,1559.4,175.8,71.2,2183.4,48.95,4336.01,4.3,270,,,,,
100,대관령,2001,7.5,-25.6,31.3,2.8,12.8,1015.3,1551.7,83.5,74.1,2190,49.2,5159.1,4.7,270,,,,,
100,대관령,2002,7.5,-19.2,30.6,2.9,12.7,1014.8,2697.6,712.5,73.9,2145.1,48.16,4946.77,4.6,270,,,,,
100,대관령,2003,6.8,-22.6,29.2,2.3,11.8,1016.1,2685.4,216,79.9,1814,40.72,4340.59,3.9,270,,,,,
100,대관령,2004,7.8,-24.3,31.3,3,13.3,1015.3,1815.5,192.5,72.4,2278.1,51.04,4937.35,4.3,270,,,,,
100,대관령,2005,6.6,-21,32.3,1.9,11.9,1015,1881.1,179,73.3,2267.5,50.9,4913.33,4.5,250,,,,,
100,대관령,2006,6.9,-23.5,30.6,2.4,12.1,1015.9,2112.9,171.5,76.2,1861.3,41.78,4687.08,3.6,250,,,,,
100,대관령,2007,7.6,-20,30.2,3.1,12.6,1015.9,1401.1,76.5,75.3,1903.7,42.74,4976.09,3.4,270,,,,,
100,대관령,2008,7.2,-26.2,30.1,2,12.4,1016.4,1128.6,212.5,74.2,2084.4,46.7,5240,3.3,270,,,,,
100,대관령,2009,7.4,-18.6,29.9,2.4,12.6,1015.5,1331.7,159,72.6,2071.6,46.51,5173.58,3.4,270,,,,,
100,대관령,2010,7.2,-24,30.1,2.4,12.2,1016,1217.3,85,72.8,1999.6,44.89,5134.83,3.6,270,,,,,
100,대관령,2011,6.8,-23.8,28.3,1.7,11.8,1016.6,1762.1,126.5,72.1,2073,46.53,5060.21,3.4,270,,,,,
100,대관령,2012,6.5,-23.5,30.7,1.5,11.6,1016,1288.7,123.5,73.5,2363.7,52.95,4927,3.4,270,,,,,
100,대관령,2013,7.5,-26.8,30.1,2.5,12.7,1015.5,1052.3,122,73.2,2467.1,55.39,5055.32,3.8,270,,,,,
100,대관령,2014,7.7,-19.8,30.6,2.3,13,1016.6,1308.2,127,73.5,2382.3,53.49,4896.93,3.2,270,,,,,
100,대관령,2015,8,-19.8,30,2.7,13.4,1016.4,981.9,201.5,72.5,2570.8,57.71,5091.41,3.3,270,,,,,
100,대관령,2016,8.1,-23,32.4,2.9,13.5,1016.4,1184,152.5,72.9,2719.4,60.92,5111.95,3.4,270,520.8,364.1,,,
100,대관령,2017,7.3,-21.1,31.1,2,12.5,1016.4,1025.3,132.1,71.3,2909,65.31,5245.9,3.5,270,1274.8,892.9,,,
100,대관령,2018,7.2,-24.4,32.9,2,12.5,1017,1731.4,81.5,71.9,2661,61.55,5013.13,3.5,270,1265.5,885.6,,,
100,대관령,2019,8.1,-20.1,30.2,2.7,13.6,1016.5,1198.5,118,74.2,2590.2,58.14,5408.38,2.9,270,1290.4,903.3,,,
100,대관령,2020,7.8,-24,31.6,2.7,13.1,1016.8,1755.8,137.3,77.1,2520.3,56.46,5488.78,3.1,270,1213.3,849.3,,,
100,대관령,2021,7.9,-24.3,30.6,2.9,13.3,1016.9,1027.3,69,75.7,2451,55.02,5390.17,3,270,1215.9,851,,,
100,대관령,2022,7.6,-21.8,30.3,2.2,13.2,1017.1,1361.2,101.9,70.8,2500.5,57.37,5582.71,3.1,270,1345.9,941.4,,,
100,대관령,2023,8.5,-25.2,31.8,3.2,14,1017.1,1291.8,101.1,73.7,2186.6,50.24,5544.15,3,270,1342.6,939.8,,,
131,청주,1967,11.5,-24.1,35.4,6.5,17.1,1017.5,1078.9,100.6,74.6,2341.5,53.06,,2.2,180,1144.7,,,,
131,청주,1968,11.5,-16.2,34.2,6.4,17.3,1016.8,885.1,82.2,75.5,2205.2,49.61,,2.1,290,1143.2,,,,
131,청주,1969,10.7,-26.4,34.2,5.8,16.2,1017.1,1676.2,179.2,76.3,1990.7,44.9,,1.9,290,941.2,,,,
131,청주,1970,11.2,-20,33.7,6.5,16.7,1017.6,1283.7,85.2,76,1956.5,44.12,,1.6,320,1031.3,,,,
131,청주,1971,11.3,-23.2,35.1,6.4,16.9,1017.1,1246.4,98.7,75.1,2218.2,50.03,,2.1,180,1044.2,,,,
131,청주,1972,11.7,-11,35.6,7.1,16.9,1016.4,1310.7,121.6,73.7,1980,44.54,,2.3,230,1003.6,,,,
131,청주,1973,11.7,-20.6,35.7,6.9,17.2,1017.2,871.5,63.8,71.6,2174.3,49.03,3839.41,2.2,230,1117.1,626.2,,,
131,청주,1974,10.4,-23,34.7,5.5,16.2,1016.8,1106.6,95.5,73.5,2034.5,45.88,3187.58,1.9,320,1012,581.4,,,
131,청주,1975,12.1,-15,33.6,7.5,17.5,1016.7,1206.4,95.9,75.3,2085.4,47.02,3136.23,1.7,360,1057.6,606.4,,,
131,청주,1976,11.1,-17.9,34.2,6.1,16.9,1017.1,1048.9,108.5,74.5,2136.5,48.06,2757.38,2,180,1050.1,592,,,
131,청주,1977,11.9,-18.5,35.9,6.7,18.1,1017.6,1032.9,73.2,74.1,2421.7,54.62,3267.4,1.8,180,1163.3,673.7,,,
131,청주,1978,12.2,-16.9,35.9,6.9,18.5,1017.1,1251.9,118.1,71.9,2272,51.24,3603.6,1.8,270,1110.5,633.1,,,
131,청주,1979,12,-15.5,34.1,7.1,18.1,1016.8,1376.2,114.5,73.4,2165.3,48.83,3237.58,1.8,230,1012.2,560,,,
131,청주,1980,10.5,-18.9,32.8,5.6,16.5,1017.3,1659.7,217,69.6,2083,46.86,2780.9,1.8,230,935.4,513.3,,,
131,청주,1981,10.8,-22.1,36.4,5.6,17.2,1017.2,1134.7,83.5,69.3,2163.9,48.8,2790.63,1.7,230,985.9,587.4,,,
131,청주,1982,12.1,-16.9,35.2,6.7,18.3,1017,850.2,61.5,68.8,2468.6,55.67,4192.34,1.6,340,1173.2,749.4,,,
131,청주,1983,12,-15.8,35.6,7.3,17.9,1016.9,1238.1,113,72.4,2306.7,51.83,4822.71,1.6,230,1086.5,669.3,,,
131,청주,1984,11.4,-19.2,37.8,6.3,17.6,1017.2,1103.5,101.8,72.2,2427.4,54.42,5042.3,1.6,200,1063.1,633.3,,,
131,청주,1985,11.8,-18.8,35.8,7,17.5,1016.9,1372.1,78,72.8,2188.1,49.18,3750.18,1.6,320,1024.8,616.5,,,
131,청주,1986,11.2,-18.6,35,6.1,17.1,1016.9,1157.5,100.5,72.6,2322.7,52.19,4909.41,1.8,180,999.1,578.3,,,
131,청주,1987,12,-16.7,34,6.9,18.2,1017.1,1656.2,224.7,72.7,2243.8,50.42,4667.58,1.7,180,1083.3,606.2,,,
131,청주,1988,11.7,-15.3,35.4,6.4,18.2,1016.8,878.9,67.7,71.2,2422.5,54.32,4833.69,1.9,180,1173.1,599.8,,,
131,청주,1989,12.6,-12.6,35.1,7.4,18.7,1017.4,1280.3,110.3,74.2,2403.4,54.01,4607.67,1.9,230,1108.5,565.7,,,
131,청주,1990,12.9,-19.3,36.8,8.1,18.6,1018,1473.7,91.5,78.6,2105.5,47.31,3773.46,2,270,1006.4,527.6,,,
131,청주,1991,12,-17.2,34.4,6.8,18.1,1017.7,1143.6,88.4,69.8,2418,54.33,4496.18,1.9,270,,,,,
131,청주,1992,12.3,-11.3,34.5,7.3,18.4,1017.2,990.1,97.1,69.4,2217.8,49.73,4378.93,1.9,270,,,,,
131,청주,1993,11.9,-13.6,32.8,6.9,17.7,1016.9,1301.8,112.2,70.3,2092.1,47.02,4331.13,1.8,320,,,,,
131,청주,1994,13.3,-15.9,37.8,8,19.4,1016.8,1012,107.1,65.2,2475.7,55.65,4809.1,1.8,200,,,,,
131,청주,1995,12,-13.9,35.7,6.8,18.3,1017,1339.8,293,65.3,2402.9,54,4717.3,1.8,230,,,,,
131,청주,1996,12.1,-13.9,36.2,7.2,17.8,1016.9,928.8,85.8,68.4,2391,53.61,4656.68,2.2,290,,,,,
131,청주,1997,12.7,-15,35,7.4,18.4,1016.5,1456.6,172.6,69.7,2430.5,54.62,4672.98,2.2,290,1198.2,643.5,,,
131,청주,1998,13.6,-12.7,34.4,9,19,1016.6,1640.2,142.7,70.2,2206.4,49.58,4320.21,2,290,1090.7,623.2,,,
131,청주,1999,13.1,-12.9,34.9,8.1,18.5,1016.2,1326.5,113,64.7,2329.5,52.35,4568.03,1.8,290,1200.9,649.9,,,
131,청주,2000,12.3,-13.5,33.6,7.7,17.6,1016.2,1357.6,128.1,65,2079.6,46.63,4887.73,1.5,320,1139.1,615,,,
131,청주,2001,12.9,-18.1,34.3,8.1,18.3,1016.4,784.1,71,63.1,2201.2,49.47,5000.68,1.3,320,1271.7,665.4,,,
131,청주,2002,12.8,-13.1,34.7,8.1,17.9,1016.1,1281.8,135.5,64.2,2029.9,45.6,4767.27,2.5,320,1136,592.4,,,
131,청주,2003,12.7,-17.5,32,8.2,17.6,1016.6,1581.8,149,66.6,1806,40.56,4473.65,1.8,290,1011.9,542.3,,,
131,청주,2004,13.4,-15.5,34.6,8.4,19,1016.5,1505.9,131.5,61.2,2206.8,49.45,5101.42,1.7,290,1183.8,631,,,
131,청주,2005,12.5,-15,34,7.8,17.8,1016.3,1427.2,102,60.8,2157.8,48.46,5100.27,1.7,290,1091.2,619.3,,,
131,청주,2006,13.3,-13.3,34.2,8.6,18.5,1016.3,1081.1,154.5,62.3,1965.3,44.13,4933.67,1.6,290,1007.9,559.8,,,
131,청주,2007,13.7,-10.1,33.5,9.3,18.8,1016,1534.5,90.5,64.8,1900.9,42.69,4819.36,1.6,290,998.2,584.5,,,
131,청주,2008,13.4,-11.9,35.1,8.7,18.8,1016.2,892.3,198,62.3,2054.7,46.04,4947.87,1.4,270,1109.2,642.6,,,
131,청주,2009,13,-13.5,33.5,8.3,18.4,1015.8,1019.8,80.5,61.3,2071,46.51,4573.65,1.5,270,1110.1,644.2,,,
131,청주,2010,13,-15.1,35.7,8.6,18.1,1016.3,1422.4,119.5,65.3,1888.1,42.4,4609.56,1.5,250,998.9,569.9,,,
131,청주,2011,12.8,-15.5,35,8.4,17.9,1016.8,1805.6,141,64.6,1962.7,44.08,4749.74,1.5,270,1094,608.8,,,
131,청주,2012,12.7,-15.2,36.4,8.3,17.7,1016.1,1387.6,165.5,63.7,2066.9,46.31,4702.49,1.5,250,1074.5,594.7,,,
131,청주,2013,13.3,-16.9,35.5,8.8,18.4,1016.1,1240.7,156.5,65.1,2354.6,52.88,4492.69,1.3,250,1089.1,599.7,,,
131,청주,2014,13.9,-9.7,36,9.4,19.1,1016.6,913.7,100.5,62.8,2289.1,51.41,5087.12,1.4,250,1081.5,597.1,,,
131,청주,2015,14,-10.8,36.4,9.6,19.2,1016.4,756.9,45.5,59.1,2411.9,54.34,4825.14,1.4,270,1263.5,710.6,,,
131,청주,2016,13.9,-16.3,36.3,9.5,18.9,1016.4,938,153.6,58.9,2468.3,55.31,4878.35,1.5,270,1304.2,791.5,,,
131,청주,2017,13.4,-11.1,36.7,8.9,18.7,1016.6,1301.2,290.2,57.7,2693.5,60.49,5090.57,1.6,250,1439.4,1008.2,,,
131,청주,2018,13.5,-15.8,39.1,9.1,18.7,1016.8,1381.6,151.6,60.2,2640.8,59.47,5425.97,1.7,320,1488.9,1043.2,,,
131,청주,2019,14.2,-8.6,36.7,9.7,19.3,1016.5,856.7,97.7,61.2,2432.2,54.62,5453.19,1.3,290,1436.1,1005.6,,,
131,청주,2020,13.9,-13.7,36,9.7,18.9,1016.8,1358.6,79.3,62.9,2319.9,51.99,5372.2,1.5,290,1400,979.9,,,
131,청주,2021,14.4,-16.3,36.4,9.9,19.3,1016.8,1001.6,66.5,62.5,2372.2,53.28,5345.83,1.5,270,1424,996.7,,,
131,청주,2022,13.9,-13.9,36,9.4,19,1016.5,1236.4,212.6,59.5,2535.7,56.94,5567.93,1.4,290,1464.1,1025.1,,,
131,청주,2023,14.8,-16.7,36.4,10.4,19.8,1016.2,1805.6,256.8,60.8,2170.2,48.74,5384.48,1.3,290,1446.7,1012.7,,,
184,제주,1923,,-1.7,34.6,,,,1251.9,130.9,,1610.7,,,,160,1127.3,,,,
184,제주,1924,14.1,-2.7,33.5,11,18.1,,1227,133.7,75.3,2105.5,,,7.8,340,1526.4,,,,
184,제주,1925,14,-1.6,32.3,10.9,17.8,,1612.8,173.1,75.8,2019,,,5.3,340,1441.3,,,,
184,제주,1926,14.3,-2.9,35.7,11,18.2,1016.8,956.9,58,72.7,2285.2,,,5.4,340,1724.1,,,,
184,제주,1927,14.5,-3.2,33.1,11.3,18.3,1015.9,2042.1,301.2,75.2,2187,,,5.1,360,1572.4,,,,
184,제주,1928,14.2,-2.3,31.4,11,17.9,1016.7,1642.3,106,76.4,2148.8,,,4.7,360,1357.1,,,,
184,제주,1929,14.6,-3.8,33.8,11.2,18.4,1016.9,774.5,60.2,71.6,2407.4,,,5.1,340,1638.4,,,,
184,제주,1930,15,-2.1,35.5,11.9,18.8,1016.7,1233.5,91,75.3,2138.2,,,5,340,1388.4,,,,
184,제주,1931,14.2,-5.7,32.7,11,17.9,1016.6,1518.9,180.3,76.8,2072.8,,,5.1,360,1374.7,,,,
184,제주,1932,14.4,-2.4,35.7,11.2,18.2,1016.8,1131.2,160.7,73.4,2269.6,,,5.1,320,1541.9,,,,
184,제주,1933,14.2,-4.4,34,11.2,17.8,1016.6,1684.6,200.5,77.7,2122.2,,,5,340,1423,,,,
184,제주,1934,14.3,-2.9,35,11,18,1017.1,1590.1,187.6,73.3,2222.2,,,5.5,320,1591.4,,,,
184,제주,1935,14.9,-2.7,35.9,11.7,18.6,1016.2,1372.9,132.5,73.4,2339.9,,,4.8,320,1601.2,,,,
184,제주,1936,13.8,-5,33,10.6,17.5,1016.7,1404.6,114.9,72.9,2030.1,,,5.1,320,1397.8,,,,
184,제주,1937,15,-1.5,34.5,11.9,18.7,1016.5,1309.3,166.8,73.8,2170.5,,,4.9,320,1539.4,,,,
184,제주,1938,14.4,-2.7,33.6,11.2,18.2,1016.4,1126.8,72.3,72.3,2080.1,,,5,320,1521.4,,,,
184,제주,1939,14.7,-3.8,33.3,11.5,18.6,1016.7,1248.7,100.7,72.3,2322.1,,,4.9,340,1568.5,,,,
184,제주,1940,14.5,-2.7,33.4,11.1,18.4,1016.7,1629.6,182.2,73.6,2250.7,,,4.8,320,1519.2,,,,
184,제주,1941,14.5,-2.9,32.8,11.1,18.4,1016.2,1811.5,233,73.5,2134.6,,,4.7,320,1389.3,,,,
184,제주,1942,14.8,-3.1,37.5,11.4,18.8,1016.8,929.7,76.2,71.8,2177.2,,,4.6,320,1552,,,,
184,제주,1943,14.5,-3.7,32.7,11.2,18.3,1017.1,1099.8,95.7,73,2145.5,,,4.7,320,1385.1,,,,
184,제주,1944,14.6,-1.8,34.8,11.4,18.4,1017.1,976.9,59.6,71,2245.1,,,4.7,320,1596.3,,,,
184,제주,1945,14.3,-3.1,34.5,11,18.2,1016.6,1616.6,206.5,72.3,2210.6,,,4.6,340,1475.1,,,,
184,제주,1946,15.1,-2.2,35.7,11.7,19.1,1016.1,1400.1,223.1,73,2105.7,,,4.8,320,1419.1,,,,
184,제주,1947,13.9,-3.2,34.4,10.6,17.9,1016.7,1619.9,133.9,70.8,2274.2,,,4.6,320,1325.8,,,,
184,제주,1948,15.1,-2.8,32.6,12,19.1,1016.2,1483.5,158.4,73.3,2193.7,,,4,320,1374.1,,,,
184,제주,1949,14.6,-1.7,33.9,11.6,18.4,1015.8,1466.1,124.2,73.3,2037.8,,,4.6,320,1360.1,,,,
184,제주,1950,15,-3,33.5,11.8,18.9,1015.2,1293.9,64.5,71,1912.7,,,4.6,320,1357.2,,,,
184,제주,1951,14.8,-3.1,35.4,11.5,18.8,1016.4,1512.5,207.9,70.1,2161.4,,,4.3,340,1449.5,,,,
184,제주,1952,14.8,-3.4,36.4,11.5,18.5,1016.4,1495.9,135.2,71.3,1989.7,,,4.6,340,1430,,,,
184,제주,1953,14.9,-3,35.2,11.5,18.8,1016.7,1395,100.3,71.3,1933.9,,,4.5,340,1441.9,,,,
184,제주,1954,14.9,-1.5,33.7,11.7,18.6,1015.5,1745.1,133.7,73.1,1676,,,4.6,340,1270.6,,,,
184,제주,1955,15,-3,34.8,11.6,18.8,1015.7,1384.6,177.5,75.1,2013.9,,,4.5,320,1432.5,,,,
184,제주,1956,14.4,-2.7,34.2,10.9,18,1016,2015.9,129.7,72.2,1738.9,,,4.9,320,1337.8,,,,
184,제주,1957,14.3,-3.3,33.8,10.9,18,1015.9,1721.7,236.6,72.5,1778.7,,,4.4,320,1374.8,,,,
184,제주,1958,15.3,-3.9,34.9,11.9,18.9,1016.6,1206.1,79.5,72.1,1881.4,,,4.4,340,1582,,,,
184,제주,1959,15.6,-3.6,36.2,12.4,19.4,1016.1,1504.4,168.1,73.3,2081.2,,,4.5,360,1564,,,,
184,제주,1960,15.5,-4.1,34.5,12.3,19.2,1016.4,1494.6,188.2,72.1,1957.2,,,4.5,360,1477.3,,,,
184,제주,1961,16,-2.9,34.2,12.5,19.5,1016.2,1639.6,233.7,72.3,1909.5,43.11,,4.3,340,1443.6,,,,
184,제주,1962,15.1,-1.1,32.8,11.5,18.6,1016.1,1528.9,144,69.8,1954.3,44.53,,4.7,320,1452.2,,,,
184,제주,1963,14.8,-3.1,36.3,11.4,18.2,1016.1,1525.6,76.4,72.1,1813.8,40.95,,4.9,320,1350.9,,,,
184,제주,1964,16.1,-0.8,35.9,12.6,19.4,1017,958,60.5,70.1,2102.6,47.34,,4.6,320,1564.8,,,,
184,제주,1965,15,-2.5,33.8,11.3,18.6,1016.3,1161.2,97.2,71,2138.8,49.53,,4.7,320,1512.8,,,,
184,제주,1966,15.6,-2.1,36.4,12.1,19.2,1015.5,1789.7,166.3,73.9,2120.5,50.08,,4.5,320,1565,,,,
184,제주,1967,15.2,-4.9,33.9,11.8,18.6,1016.6,990,62.4,71.7,2206.2,49.82,,4.6,320,1494.4,,,,
184,제주,1968,14.8,-3.2,33.4,11.4,18.2,1016.2,1241.9,118.5,74.8,2014.1,45.35,,4.2,320,1243,,,,
184,제주,1969,14.9,-1.8,34.5,11.4,18.3,1016.2,1556.7,112.6,76.4,1968.5,44.44,,4.4,320,1321.8,,,,
184,제주,1970,14.7,-4.6,35.8,11.6,17.9,1016.8,1301.9,184.9,79.2,1676.2,37.84,,3.9,340,1236.2,,,,
184,제주,1971,15.4,-2.8,36.5,12,18.8,1016.5,1020.7,148.5,76.7,1932.1,43.62,,4.3,340,1455.9,,,,
184,제주,1972,15.3,-1.4,32.5,11.8,18.5,1015.6,1823.3,113.7,79.8,1745.9,39.31,,4.2,340,1477.7,,,,
184,제주,1973,15.5,-2.3,33.2,12.1,18.7,1016.5,1217.5,159.3,79.6,2181.7,49.25,,4,340,1266.5,,,,
184,제주,1974,14.8,-2.7,33.6,11.4,18.2,1015.9,1506.8,147.8,76.8,1882.9,42.5,,3.9,340,1106.9,,,,
184,제주,1975,15.7,-2.5,33.3,12.6,18.8,1015.6,1279.5,87,75.5,1897.9,42.84,,4.2,340,1144.6,,,,
184,제주,1976,14.7,-3.1,33.6,11.3,17.9,1015.8,1452.5,99.6,76.3,1872.6,42.16,,4,160,1094.6,,,,
184,제주,1977,15.2,-6,35.1,11.9,18.4,1016.2,1180.8,63.9,77.1,1844.3,41.64,,3.9,340,1240.3,,,,
184,제주,1978,15.8,-1.9,35.2,12.4,19,1015.9,1079.8,154.8,74.3,2291,51.71,,4,340,1479.6,,,,
184,제주,1979,15.8,-2.6,35.2,12.3,19.1,1015.6,1838,198.1,75.5,1983.9,44.78,,3.9,160,1327.4,,,,
184,제주,1980,14.6,-2.8,32.6,11.3,17.7,1016.1,1545.6,146.5,74.4,1561.1,35.15,,4.1,320,1181.4,,,,
184,제주,1981,15,-5.1,34.1,11.7,18,1016,1612.4,225.7,70.7,1898.9,42.86,3514.34,3.9,290,1339.1,,,,
184,제주,1982,15.4,-2.2,34,12.1,18.7,1015.8,1248,100.5,72.3,1978.3,44.65,4902.17,3.6,290,1296.7,706.9,,,
184,제주,1983,15.6,-2.9,34.2,12.4,18.8,1015.8,1373.6,188.2,74.2,1688.1,37.98,4532.73,3.8,320,1251.2,670.6,,,
184,제주,1984,14.8,-4,34,11.9,18,1016.1,878.5,72.8,72.8,1972.5,44.28,4879.77,4,320,1256.2,773.8,,,
184,제주,1985,15.4,-3.6,33.9,12.4,18.6,1015.8,2420.6,248.7,71.4,1831.3,41.2,4494.1,4.1,320,1228.2,826.8,,,
184,제주,1986,14.7,-3.5,34.3,11.6,17.9,1016.3,1828.6,224.5,71.8,1797.5,40.44,4714.04,3.9,290,1237.1,844.1,,,
184,제주,1987,15.4,-3,35.4,12.3,18.9,1016.5,1719.4,163.6,70.1,1837.5,41.34,4535.84,3.9,320,1188.4,795.9,,,
184,제주,1988,15.2,-2.3,34.6,12.3,18.5,1016,1084.6,147,73.9,2093.7,47,4599.48,4,320,1243.8,869.3,,,
184,제주,1989,15.7,-1.7,33.3,12.8,18.8,1016.1,1358.6,188.5,77.1,1959.9,44.09,4371.01,3.8,290,1204.8,845.6,,,
184,제주,1990,16.4,-4.5,37,13.3,19.5,1016.1,1544.5,113.2,73.5,1952.5,43.92,4322.84,3.8,20,1320.1,870.8,,,
184,제주,1991,15.5,-3.3,34.4,12.7,18.5,1016,1810.9,119.1,68.8,1841.6,41.43,4252.42,3.8,320,1151.7,721.8,,,
184,제주,1992,15.9,0.4,34.5,13,19.1,1016.9,1232.9,59.4,72.8,1899.3,42.64,4167.46,3.7,290,1274.7,839,,,
184,제주,1993,15.2,-0.8,34.5,12.3,18.3,1017.1,1552.8,132.2,72.3,1583.6,35.62,3922.15,3.6,290,1210.8,763.3,,,
184,제주,1994,16.5,-0.6,34.6,13.5,19.6,1016.5,1448.9,189.3,70.3,2159.7,48.58,4692.07,3.3,20,1398.2,770,,,
184,제주,1995,15.6,0.3,35.8,12.7,18.6,1017.1,1472.9,204.5,71.9,1945.8,43.77,4264.42,3.5,20,1266.9,646.1,,,
184,제주,1996,15.7,-1.5,35.5,12.7,18.9,1017.1,881.1,47.1,69,1915,42.99,4047.18,3.3,20,1253,633.7,,,
184,제주,1997,16.4,-0.9,34.4,13.5,19.4,1016.8,999.5,86.4,70.6,1908.2,42.92,4261.5,3.2,20,1273,654.6,,,
184,제주,1998,17,-2.9,37.4,14.1,20,1016.1,1581.1,219,74.9,1807.4,40.66,4436.99,3.2,20,1181.3,597.2,,,
184,제주,1999,16,-1.6,32.8,13.2,19.1,1015.8,2526,248.2,71.2,1656.3,37.26,4389.35,3.4,340,1141.2,528.2,,,
184,제주,2000,15.7,-1.7,36,12.7,18.8,1016.3,1189.4,147.5,66.3,2046.2,45.92,4799.21,3.4,360,1248.9,744.1,,,
184,제주,2001,16.1,-3.1,35.8,13.2,19.3,1016.3,1388.6,73,65.1,1910.1,42.97,4685.87,3.2,340,1189.9,673.1,,,
184,제주,2002,15.8,0.6,35,13.1,18.7,1016.1,1704.1,215,67.9,1794.9,40.35,4559.42,3.2,340,1118,618,,,
184,제주,2003,15.7,-2.1,34.3,13,19.1,1016.5,1999.2,231.5,72.2,1757,39.5,4597.3,3.1,340,1074.8,630.4,,,
184,제주,2004,16.4,-3.2,34.3,13.4,20,1016.4,1333.8,186.5,67.1,2106.3,47.25,5044.28,2.8,340,1285.8,747.7,,,
184,제주,2005,16.2,-1.5,34.7,13.5,19.3,1016.3,872.5,98.5,63.7,1771,39.81,5086.58,3.5,20,1279.8,762.5,,,
184,제주,2006,16.2,-1.8,34,13.5,19.4,1016,1527.4,161.5,64.3,1704.7,38.32,4791.09,3.2,20,1119.9,659.3,,,
184,제주,2007,16.5,0.8,34,13.8,19.5,1016,2139.8,420,61.8,1671.8,39.07,4735.87,3.3,320,1198.2,715.9,,,
184,제주,2008,16,-0.5,34.8,13.4,19,1016.3,1308.8,87.5,63.9,1687,37.94,4856.76,3.4,320,1207.7,675,,,
184,제주,2009,16,-2.5,33.6,13.1,19.1,1015.9,1304.8,124,62.5,1764.7,39.67,5065.12,3.5,320,1272.9,742.5,,,
184,제주,2010,15.6,-2.3,35.8,12.7,18.9,1016.2,1584.9,122,66.5,1681.8,38.07,4877.39,3.3,320,1169,618.9,,,
184,제주,2011,15.6,-2.8,34.7,13,18.5,1016.8,1478.6,299,68.7,1720,38.66,5053.8,3.3,320,1279.5,676.2,,,
184,제주,2012,15.7,-2.8,34.9,13.1,18.6,1015.8,2248.3,206,71.3,1693.4,37.98,4760.73,3.4,320,1225.6,650.9,,,
184,제주,2013,16.5,-1.8,36.3,13.5,19.8,1016.2,859.1,70.1,72.1,1990.2,44.73,4963.44,3.2,320,1385.1,785.5,,,
184,제주,2014,16.2,0.1,35.2,13.6,19.1,1016.4,1563.4,134.7,70.3,1755.5,39.46,4695.68,3.2,20,1285.6,725.9,,,
184,제주,2015,16.7,-0.7,36.7,14.1,19.8,1016.5,1728.3,98.9,70.9,1826.6,41.06,4861.18,3,320,1209.7,659.8,,,
184,제주,2016,17,-5.8,35.5,14.4,20.2,1016.6,1416.4,158.5,71.9,1718.4,38.54,4743.41,3.1,20,1277.9,757.2,,,
184,제주,2017,16.8,-1.1,37,14,20,1017,773.3,67.5,67.5,1981.3,44.53,5193.92,3.1,320,1524,1067.1,,,
184,제주,2018,16.6,-2.6,35.3,13.9,19.8,1016.7,1769.5,310,71.1,1939.7,43.6,5045.31,3.1,360,1418.3,992.9,,,
184,제주,2019,16.8,1,35.4,14.2,19.9,1016.5,1979.9,187.7,69.8,1909.9,42.93,5007,3,320,1424,997.3,,,
184,제주,2020,16.7,-1.4,36.3,14,20,1016.9,1389.5,183.6,69.2,1890.3,42.4,5004.37,3.1,320,1450.2,1016.3,,,
184,제주,2021,17.5,-3.1,34.2,14.6,21,1016.6,1627.7,155.3,70.7,1965.3,44.18,5080.15,3.3,70,1502.6,1050.7,,,
184,제주,2022,17,-0.4,37.5,14.1,20.5,1017,1075.8,174,71.3,2012.2,45.23,5121.15,3.4,20,1489.9,1043.6,,,
133,대전,1969,11.2,-19,33.5,6.5,16.4,1016.9,1807.1,150.4,77.2,2092.5,47.2,,1.9,230,917.7,,,,
133,대전,1970,11.6,-17.9,34.5,7.1,17.1,1017.5,1521.2,97.2,73.4,2143.5,48.35,,2,230,1047.7,,,,
133,대전,1971,11.8,-17.3,34.1,7.1,17.2,1017.1,1420.2,136.3,73.8,2220,50.08,,1.9,230,1028.3,,,,
133,대전,1972,12.2,-9.8,35.2,7.8,17.3,1016.3,1380,90.2,75.3,1993.3,44.85,,1.8,230,1064.3,,,,
133,대전,1973,12.2,-17.7,35.3,7.6,17.7,1016.9,1102.9,78,74.2,2353.8,53.09,,1.8,230,1170.9,700.9,,,
133,대전,1974,10.9,-18.6,35,6.4,16.6,1016.4,1266.2,85.2,75.6,2185.2,49.3,,1.7,230,1034.1,604.5,,,
133,대전,1975,12.3,-11.9,34.1,8,17.8,1016.2,1383,83.4,76.6,2244.2,50.62,,1.7,230,1084.1,598,,,
133,대전,1976,11.4,-15.3,33.7,6.8,17.1,1016.6,939.3,77.2,73.3,1980.1,44.55,,1.8,250,1138.4,607,,,
133,대전,1977,12.2,-15.7,35.3,7.4,18.1,1017.1,1099.1,137.6,71.9,2255.5,50.88,,1.7,230,1177.9,648.2,,,
133,대전,1978,12.6,-15.8,35.2,7.8,18.4,1016.6,1465.7,100.8,74.7,2230.1,50.3,,1.8,230,1249.7,646.2,,,
133,대전,1979,12.4,-13.3,33.4,7.6,18.1,1016.4,1399.1,108.8,75.1,2163.5,48.8,,1.8,230,1182.4,626.5,,,
133,대전,1980,11,-15.8,32.3,6.3,16.6,1016.6,1598.7,131.8,75.2,2070.8,46.59,,1.7,230,1085.6,529.3,,,
133,대전,1981,11.4,-16.8,34.8,6.4,17,1016.7,1206.5,164.2,75.2,2215.2,49.96,,1.6,230,1146.7,575.3,,,
133,대전,1982,12.5,-14.5,35.3,7.4,18.6,1016.6,1007.6,76.8,73.8,2375.5,53.58,,1.5,250,1229.4,595.3,,,
133,대전,1983,12.5,-14.9,35.5,7.8,18.1,1016.6,1228.3,159.8,74.8,2206.2,49.6,,1.6,250,1118.9,604.9,,,
133,대전,1984,11.9,-15.2,35.8,6.9,17.6,1016.9,1318.8,111.6,67.1,2300.8,51.61,4828.91,1.6,250,1093.6,705.3,,,
133,대전,1985,12.2,-14.9,35.4,7.6,17.4,1016.6,1692.8,112.4,72.1,2198.4,49.42,4767.09,1.5,230,1037.9,710.6,,,
133,대전,1986,11.8,-14.8,34.7,7,17.3,1016.6,1244.5,102.3,70.3,2307.7,51.87,3814.68,1.6,250,1083.9,733.6,,,
133,대전,1987,12.5,-14.8,33.5,7.4,18.1,1016.8,1880.7,303.3,71,2179.2,48.99,4576.67,1.6,250,1001.2,642.5,,,
133,대전,1988,12.3,-12,35.3,7.2,18.2,1016.9,920.9,159.3,65.8,2268.1,50.87,4606.74,1.7,250,1137.8,639.9,,,
133,대전,1989,13.1,-11,34.4,8.3,18.6,1017.3,1538,145.6,68.3,2155.4,48.45,4472.28,1.7,250,1082.4,608.2,,,
133,대전,1990,13.4,-16.2,36.7,9,18.5,1017.3,1496.4,73.8,69.7,1981.4,44.54,4490.16,1.7,270,939.6,507.1,,,
133,대전,1991,12.6,-15.2,33.8,7.6,18.2,1017.1,1182.1,68.9,68.4,2126.4,47.8,4115.31,1.7,250,982.8,528.8,,,
133,대전,1992,12.8,-9.6,34.1,7.9,18.5,1017.1,1036.9,84.4,69.6,2157.3,48.38,4506.64,1.7,250,1067.8,624.3,,,
133,대전,1993,12.3,-12,32.3,7.6,17.8,1017.2,1533.1,119,72.4,2092.5,47.03,4567.12,1.7,250,968.4,516.3,,,
133,대전,1994,13.8,-13.2,37.7,8.7,19.7,1016.6,857.9,78.9,65.9,2528.7,56.84,5149.87,1.7,290,1195.2,657.7,,,
133,대전,1995,12.3,-13.3,36.1,7,18.4,1016.6,1136.2,194.3,68.3,2422,54.45,5208.23,1.7,320,1204.4,641.1,,,
133,대전,1996,12.1,-14.2,35.6,7.2,18,1016.8,1279.2,128,68.2,2440.5,54.74,5110.56,1.6,320,1149.8,590.4,,,
133,대전,1997,12.8,-15.3,34.7,7.6,18.7,1016.5,1765.9,233,69.5,2548.7,57.29,5296.06,1.5,320,1214.3,607.1,,,
133,대전,1998,13.6,-13.4,34.2,8.9,19.2,1016.6,2070,189.2,71.3,2051.4,46.11,4351.65,1.6,290,998.4,526.9,,,
133,대전,1999,13,-13.5,33.8,8.1,18.5,1016.5,1455.2,150.5,69.9,2243.1,50.42,4727.78,1.6,290,1060.3,618.6,,,
133,대전,2000,12.4,-12.4,33.9,7.7,18.1,1016.2,1707.5,227.6,67.2,2134.7,47.87,5073.36,2.7,340,963.4,522,,,
133,대전,2001,13.1,-17.4,34.4,8.2,18.8,1016.4,828.7,78.9,65.3,2233.6,50.2,5228.72,2.1,340,1047,658,,,
133,대전,2002,13.3,-12,34.2,8.8,18.4,1016,1378.7,174.5,66.7,2058,46.24,4949.54,2.2,340,982.3,606.8,,,
133,대전,2003,13.2,-14.5,32.2,8.9,18,1016.6,1748.9,154.5,69,1838.9,41.31,4710.42,2.1,340,813.3,470.8,,,
133,대전,2004,13.9,-14.3,34.8,9.1,19.3,1016.4,1496.5,130.5,63.5,2198.3,49.27,5003.82,1.7,250,987.5,620.3,,,
133,대전,2005,12.4,-15.7,34.3,7.8,17.5,1016.5,1656.1,178,63.5,2144.4,48.17,4819.86,2,340,944.8,580.2,,,
133,대전,2006,13.1,-13.5,34.2,8.5,18.3,1016.5,1195.2,89,67,1990.5,44.71,5072.48,1.8,340,971.4,583.2,,,
133,대전,2007,13.3,-9.3,33.7,8.9,18.4,1015.4,1750.9,122,67.6,1914.8,43.02,4945.26,1.8,180,936.9,555.7,,,
133,대전,2008,13,-11.6,33.4,8.3,18.3,1015.8,1037.6,98,63.3,2117.9,47.48,5317.14,1.8,320,973.8,556.5,,,
133,대전,2009,12.8,-13.3,32.7,8,18.2,1015.3,1090.4,88,63.4,2180.4,48.98,5333.58,1.8,320,1004.2,628.3,,,
133,대전,2010,12.7,-14.4,33.9,8.2,17.7,1015.8,1419.7,70.5,66.6,1985.3,44.6,5002.34,1.8,320,884.9,526.8,,,
133,대전,2011,12.6,-16.1,33.3,8.2,17.6,1016.7,1943.4,231.5,64.4,2048.7,46.03,5057.9,1.8,320,945.4,545.5,,,
133,대전,2012,12.6,-14.4,36.9,8.1,17.6,1016.2,1409.5,119.4,67.8,2367.6,53.07,5215.25,1.8,320,1018.9,601.7,,,
133,대전,2013,13.1,-16.5,35,8.4,18.3,1016.3,1120.2,73.9,73.2,2513.1,56.45,5538.34,1.6,320,1006.5,563.2,,,
133,대전,2014,13.4,-10.7,34.9,8.8,18.9,1016.8,1117.7,85.5,72.4,2378.3,53.42,5550.96,1.5,320,983.4,576.3,,,
133,대전,2015,14,-12.4,36.3,9.2,19.4,1016.7,822.7,66.9,70,2417.9,54.33,5658.3,1.5,320,1025.8,623.1,,,
133,대전,2016,14,-17,37.6,9.4,19.4,1016.8,1228.4,179.1,70,2440.1,54.7,5697.09,1.5,320,1190.3,772.7,,,
133,대전,2017,13.4,-11.8,35.9,8.5,18.9,1017.1,1127.5,77,68.2,2632,59.12,5954.04,1.6,320,1461.1,1022.5,,,
133,대전,2018,13.5,-16.3,39.4,8.8,19,1017.2,1542.1,140,68.9,2542.1,57.11,5589.11,1.5,320,1414.9,989.9,,,
133,대전,2019,14,-9.6,36,9.2,19.5,1016.9,984.2,82.5,68.8,2474.3,55.76,5744.1,1.4,320,1408.2,986.2,,,
133,대전,2020,13.7,-13.2,35.4,9.2,19.2,1017.1,1614,141.3,70.8,2394.5,54.36,5523.26,1.4,320,1342.7,940.5,,,
133,대전,2021,14.3,-17.5,36.1,9.5,19.7,1017,1109.5,65,71.8,2354.3,54.53,5005.07,1.5,20,1243.7,870.2,,,
133,대전,2022,13.5,-13.5,35.7,8.5,19.4,1017,1203.1,192.9,62.3,2342.9,52.63,5533.4,1.9,320,1475.2,1033.1,,,
133,대전,2023,14,-17.7,35.7,9.1,19.8,1016.6,2042.5,221.8,64.6,2309.9,51.89,5409.97,1.5,320,1416.4,991,,,
261,해남,1971,,-4.6,28.1,,,,366,138,,,,,,,110,,,,
261,해남,1972,,-3,29.4,,,,546,407.5,,,,,,,320,,,,
261,해남,1973,13.5,-7,35.8,9.4,18.3,,1283,114,77.7,2974.1,67.12,4708.44,2.1,320,929.3,392,,,
261,해남,1974,12.7,-9.1,33.9,8.2,17.7,,1893.6,200.5,77.8,2749.7,62.9,8276.17,1.9,140,848.6,533.9,,,
261,해남,1975,13.7,-9.4,35,9.8,18.5,,1176.5,81.9,79,2581.1,59.71,4421.54,2,320,1071.6,608.1,,,
261,해남,1976,12.5,-12.7,32.7,8,17.9,,1081.8,105.2,77.9,2364.3,53.22,,2,320,1008.3,565.4,,,
261,해남,1977,13.2,-14.5,35.9,8.6,18.6,,1077.7,111.6,77.5,2255.1,50.9,9693.25,1.8,90,1024.8,604.6,,,
261,해남,1978,13.9,-9.3,35.8,9,19.5,,932.9,90.1,73.2,2485.3,56.09,9849.73,1.9,320,1208.4,728.1,,,
261,해남,1979,13.6,-9.1,35.2,8.8,19.3,,1430,120.2,74.7,2251.1,50.81,8846.85,1.8,90,1024.5,600.3,,,
261,해남,1980,12.4,-8.9,30.4,8.1,17.3,,1613.1,111.3,75.8,2364.7,53.23,8772.15,1.8,340,933,475.9,,,
261,해남,1981,12.8,-10.6,35.2,8.2,17.9,,1803.6,477.5,75.2,2655.7,59.94,9207.31,1.8,320,1072.3,536.1,,,
261,해남,1982,13.5,-10.9,33.7,8.7,19,,1014.6,110.7,73.4,2728.3,61.58,3585.32,1.6,90,1103.2,559.9,,,
261,해남,1983,13.5,-9.8,36,9,18.8,,1072.7,90.4,75.5,2567.5,57.74,,1.6,320,1019.8,,,,
261,해남,1984,12.9,-11.6,35,8,18.1,,1107.5,123.1,77.3,2665,59.8,,1.6,90,1170.7,,,,
261,해남,1985,13.2,-11.3,35.7,8.7,18.1,,2107.9,212.8,79.3,2396.5,53.9,,1.7,90,1121.5,,,,
261,해남,1986,12.6,-9.3,34,7.8,17.8,1016.5,1659.6,249.4,77.8,2425.8,54.55,,1.9,320,1137.3,,,,
261,해남,1987,13.2,-8,32.8,8.6,18.3,1016.8,1553.1,157.8,77.8,2320.6,52.18,,2.1,320,1104,,,,
261,해남,1988,13.1,-8.6,34.7,8.3,18.3,1016.5,782.5,96.5,72.5,2510,56.32,0.17,2.1,340,1160.1,,,,
261,해남,1989,13.7,-8.7,32.6,9.1,18.7,1016.6,1474.9,75,76.1,2317.5,52.13,,1.9,290,1136.7,,,,
261,해남,1990,14.3,-13.7,34.8,9.8,19.1,1016.8,1417.1,100.1,74.8,2317.2,52.11,,2.3,290,1160.2,,,,
261,해남,1991,13.4,-8.7,34.6,8.7,18.7,1016.5,1198.3,188,79.1,2279.4,51.26,,2.2,320,,,,,
261,해남,1992,13.5,-7.4,32.4,8.6,18.9,1016.7,973,95.1,73.2,2386.2,53.54,,2.3,320,,,,,
261,해남,1993,12.8,-9.6,30.3,8,17.8,1017.1,1242.3,123,75.3,1959,44.06,,1.5,320,,,,,
261,해남,1994,13.7,-10.8,36.6,8,19.4,1017.8,934.4,190.5,78.9,2274.3,51.15,,2.3,290,,,,,
261,해남,1995,12.8,-8.6,33.4,7.4,18.3,1018.3,796,83,78.9,2314,52.04,,2.3,290,,,,,
261,해남,1996,12.8,-10.9,34.4,7.5,18.4,1018.2,1079,74,76.8,2120.9,47.59,,2.2,320,,,,,
261,해남,1997,13.8,-10.3,34,8.4,19.4,1017.9,1221.7,89.5,67.5,2223.5,50.01,,2.3,290,,,,,
261,해남,1998,14.5,-9.9,32.2,9.8,19.8,1017.6,1685,236,67.8,1912.7,43.02,,2.5,290,,,,,
261,해남,1999,14,-10.2,32.6,9,19.5,1017.4,1613.1,145,68.7,2093.3,47.08,,2.4,90,,,,,
261,해남,2000,13.6,-8.3,34,8.3,19.3,1016.6,1336.2,136,64.4,1773,52.4,,2.5,290,,,,,
261,해남,2001,13.5,-12,35.5,8.2,19.4,1016.7,888.8,166,68.2,3313.8,74.51,,2.3,290,,,,,
261,해남,2002,12.8,-10.1,33.9,7.6,18.6,1016.3,1534,173,70.2,2899.7,65.16,,2.4,290,,,,,
261,해남,2003,13.5,-14.1,31.8,8.8,18.6,1016.7,1739.5,135,71.3,2723.7,61.21,,2.3,290,,,,,
261,해남,2004,13.9,-13.3,35.5,8.4,19.7,1016.7,1593.7,303,67.6,2474,55.48,,2.2,290,,,,,
261,해남,2005,13.3,-12.1,34.7,8.3,18.8,1016.5,1216.3,141.5,72.2,2428.7,54.58,,2.6,290,,,,,
261,해남,2006,13.3,-8.8,34.7,8.3,19,1016.1,1385.5,116,74.7,2278.2,51.19,,2.5,290,,,,,
261,해남,2007,13.7,-7.4,33.2,8.6,19.2,1016,1460.5,109,73.1,1893.4,42.55,,2.5,290,,,,,
261,해남,2008,13.6,-12.7,33.7,8.5,19.1,1016.4,1098.1,107,73,1981.3,44.42,,2.5,290,,,,,
261,해남,2009,13.8,-13.9,32.5,8.6,19.5,1015.1,1277.7,164.5,72.7,2054.6,46.17,,2.5,290,,,,,
261,해남,2010,13.7,-9.1,34.5,8.8,18.9,1015.3,1495.5,106.5,74.1,1811.8,40.71,,2.3,290,,,,,
261,해남,2011,13,-11.3,34.3,8.2,18.4,1016.4,1498.9,178,73.7,1971.9,44.31,,2.2,290,,,,,
261,해남,2012,13.2,-10.7,36,8.5,18.3,1015.9,1695.4,183,74.9,1983.2,44.47,,2.2,290,,,,,
261,해남,2013,13.7,-12.1,36.9,8.6,19.3,1016.3,1077.7,90,72.3,2091.5,47,,2.1,290,,,,,
261,해남,2014,13.7,-13,33.6,8.7,19,1016.5,1173.1,150.5,73.6,1994.5,44.82,,2.1,290,,,,,
261,해남,2015,13.9,-7.4,34.1,9,19.2,1016.4,1157.8,137.2,78.4,2049.3,46.05,,2,290,,,,,
261,해남,2016,14,-9.8,37.1,9.1,19.4,1016.4,1360.2,93.6,75.8,2104.5,47.19,,2.2,290,,,,,
261,해남,2017,13.4,-10.4,37.2,7.6,19.5,1016.7,725.3,86.1,70.3,2374.1,53.35,,2,290,,,,,
261,해남,2018,13.2,-14,36.6,7.9,19,1016.9,1297.1,157.8,75.1,2288.8,51.43,,2.1,290,,,,,
261,해남,2019,13.2,-10,34.4,7.8,19.1,1016.7,1222,186.6,76.3,2305.9,51.81,,2,290,,,,,
261,해남,2020,13.4,-10.7,34.2,8.3,18.8,1017,1450.3,113.9,76.5,2181.2,49.07,,,290,,,,,
261,해남,2021,13.9,-17.1,34.8,8.7,19.7,1016.7,1387.9,297.3,76.3,2346.8,52.74,,2.1,90,,,,,
261,해남,2022,13.5,-12.3,34,8.3,19.2,1017.2,794.5,140.4,75.2,2427.8,54.55,,2,290,,,,,
261,해남,2023,14.6,-13.8,36,9.6,20.1,1016.9,1619.3,166.4,78.7,2211.3,50.35,,1.9,290,,,,,
288,밀양,1972,,,,,,,,,,,,,,340,,,,,
288,밀양,1973,13.3,-11.7,36.2,7.7,19.5,,991.8,120.6,68.3,2841.6,64.09,7722.54,1.7,340,1228.7,,,,639.1
288,밀양,1974,12.3,-12.4,34.6,6.7,18.5,,1397.8,89.4,67.8,2686.5,60.63,7253.51,1.8,340,1165.6,,,,724.2
288,밀양,1975,13.4,-10.7,34.5,8.1,19.2,,1345.3,78.6,70.5,2708.5,61.12,6095.12,1.6,50,1190.2,,,,628.2
288,밀양,1976,12.3,-15.1,33.3,6.8,18.5,,1005.5,162.4,72.3,2632.5,59.24,6078.38,1.7,340,1197.8,,,,600.7
288,밀양,1977,13.1,-15.6,35.9,7.3,19.4,,814.2,58.3,68.6,2683.8,60.55,7453.51,1.6,320,1335.8,,,,658
288,밀양,1978,13.7,-12.4,36,7.7,20.2,,1254.8,227.9,69,2715.3,61.26,8393.74,1.6,320,1363.8,,,,710.1
288,밀양,1979,13.2,-9.6,34.5,7.5,19.8,,1543.8,271.4,71.2,2497.6,56.35,8479.39,1.4,320,1246.2,,,,620
288,밀양,1980,12,-14,32.2,6.5,18.3,,1581.5,138.8,68.5,2398.5,53.98,7983.41,1.5,340,1082.4,,,,585.3
288,밀양,1981,12,-14.1,35.6,6.1,18.8,,1106.7,93,64.9,2547.2,57.47,8100.43,1.4,20,1142.5,,,,602.9
288,밀양,1982,13.2,-12.9,34.9,7.2,20,,945.9,191.5,65.4,2486.2,56.09,1123.7,1.3,340,1112.8,,,,606.4
288,밀양,1983,13,-11.9,38.1,7.2,19.3,,1250,103,67.8,2470.2,55.53,,1.3,340,1154.4,,,,
288,밀양,1984,12.4,-15.6,36.9,6.6,19,,1405.1,163,63,2545.1,57.09,,1.4,340,1241.8,,,,
288,밀양,1985,12.9,-14.6,35.9,7.6,18.9,,1697.6,97,66.2,2344.7,52.71,,1.4,340,1097.3,,,,
288,밀양,1986,12.4,-12.7,34.3,6.7,18.9,1012.8,1117.4,109,65.8,2479.3,55.73,,1.4,340,1163.9,,,,
288,밀양,1987,12.8,-12.7,34.2,7.2,19.5,1013.1,1277.5,123.5,68.8,2369,53.25,,1.4,340,1078.5,,,,
288,밀양,1988,12.7,-12.3,35.7,6.6,19.5,1014.7,624.8,59,68.2,2436.4,54.65,,1.4,340,1110.1,,,,
288,밀양,1989,13.5,-10.3,34,7.9,20.2,1017.4,1679.5,138.5,74.9,2309.1,51.91,,1.4,340,1108.7,,,,
288,밀양,1990,14,-15.8,37.1,8.5,20.5,1017.4,1126.8,93,79.1,2194.3,49.33,,1.4,340,1020,,,,636.3
288,밀양,1991,13.1,-15.2,34.4,7.4,19.7,1016.8,1493.3,152.5,82.7,2290.1,51.48,,1.4,340,1036.5,,,,533.9
288,밀양,1992,13.1,-9.7,36,7.3,19.8,1016.8,1035.5,97.5,70.7,2221.9,49.81,,1.5,340,1028.7,,,,524.7
288,밀양,1993,12.6,-10.5,32.1,6.8,19,1016.8,1381,133.5,76.3,1958.6,44.03,,1.6,320,1050.1,,,,439
288,밀양,1994,14,-13.5,39.4,7.5,21.1,1016.7,695.5,76.5,73.9,2446.6,55.01,,1.1,320,1307.9,,,,692.6
288,밀양,1995,12.8,-10.8,37.4,6.4,19.7,1017,879.5,67.5,73.3,2257.9,50.76,,1.6,320,1208.5,,,,626.2
288,밀양,1996,12.9,-11.8,36.2,7,19.7,1017.2,912.6,98.5,75.8,2367.8,53.11,,1.4,320,1176.9,,,,595.3
288,밀양,1997,13.8,-13.9,36.3,7.6,20.8,1016.8,1573.9,216.5,76.4,2473.3,55.6,,1.4,20,,,,,
288,밀양,1998,14.2,-10.4,33.5,8.9,20.4,1017,1553.1,195,70,2045,45.98,,1.3,20,,,,,
288,밀양,1999,13.2,-10.4,33.4,7.7,19.7,1016.6,1879.6,144,63.9,2273.6,51.11,,1.4,360,,,,,
288,밀양,2000,13.2,-9.7,35.7,7.5,19.7,1016.5,981.5,67.5,61.2,1832.4,53.62,,1.5,110,,,,,
288,밀양,2001,13.3,-12.3,35.5,7.6,19.9,1016.8,1125,178,60.8,2217.6,49.86,,1.4,140,,,,,
288,밀양,2002,13.3,-11.3,34.9,7.6,19.7,1016.6,1531.5,116,63,2766.8,62.16,,1.4,140,,,,,
288,밀양,2003,13.3,-12.1,35.4,8.2,19.5,1017.1,1685.3,177,63.8,2443.5,54.9,,1.3,360,,,,,
288,밀양,2004,14.4,-14.8,38.5,8.2,21.7,1016.1,1377.4,89,62.8,2349.5,52.67,,1.4,340,,,,,
288,밀양,2005,13.2,-14.5,36.2,7.2,20.2,1015.8,971.5,64,60.9,2216.5,49.8,,1.3,340,,,,,
288,밀양,2006,13.1,-12.8,36.5,7.4,20,1015.9,1324.5,109.5,63.4,1956.3,43.95,,1.3,20,,,,,
288,밀양,2007,13.7,-11.1,36.5,7.9,20.6,1015.7,1061,102,63.1,1887.3,42.4,,1.4,340,,,,,
288,밀양,2008,13.6,-10.6,36.6,7.5,20.8,1016,807.5,94,63.7,2175.6,48.77,,1.4,320,,,,,
288,밀양,2009,14.5,-12.4,38.3,8.6,21.2,1015.4,1130.8,118.5,61.7,2163.9,48.62,,1.6,340,,,,,
288,밀양,2010,13.6,-12.2,36.4,8.1,20,1016,1251.5,127,64.3,2074.8,46.61,,1.7,340,,,,,
288,밀양,2011,13.5,-15.8,35.9,7.9,19.8,1016.4,1529.8,245,62.9,2100.2,47.18,,1.7,340,,,,,
288,밀양,2012,13.4,-14,37.5,7.8,19.7,1015.7,1370.4,106.5,62.3,2154.4,48.29,,1.6,340,,,,,
288,밀양,2013,14.1,-12.9,38.4,8.3,20.9,1015.7,1036.5,64,61.9,2365.6,53.15,,1.5,340,,,,,
288,밀양,2014,14,-10,37.9,8.4,20.7,1016.3,1212.4,105,63,2041.9,45.87,,1.4,340,,,,,
288,밀양,2015,14.2,-11,36.6,8.7,20.6,1016.2,951.3,54.6,67.5,2124.8,47.74,,1.3,290,,,,,
288,밀양,2016,14.7,-12,37.8,9.5,20.8,1016.2,1568.2,163.7,68.1,2094.7,46.96,,1,290,,,,,
288,밀양,2017,14.2,-11.4,39,8.1,21.2,1016.1,558.1,33.7,61,2403.5,54,,1.1,340,,,,,
288,밀양,2018,13.8,-13.7,38.9,8.2,20.3,1016.5,1337,197,65.6,2348.1,52.75,,1.1,20,,,,,
288,밀양,2019,14.3,-9.4,36.6,8.6,20.8,1016,1181.1,129.5,64.7,2338.6,52.79,,1,340,,,,,
288,밀양,2020,14.1,-9.9,36.2,8.7,20.3,1016.1,1398.8,92.7,64.7,2378.5,53.32,,1.1,340,,,,,
288,밀양,2021,14.5,-14.2,37.8,9.1,21,1015.9,1202.5,121.6,65,2340.7,52.59,,1,340,,,,,
288,밀양,2022,14.6,-10.1,36.1,8.9,21.1,1015.8,843.2,125.6,58.8,2456.7,55.48,,1.1,340,,,,,
288,밀양,2023,15,-12.4,37.8,9.6,21.4,1015.9,1874,120.4,62.6,2327.7,52.44,,1,160,,,,,
203,이천,1971,,,,,,,,276.1,71.3,,,,,270,,,,,
203,이천,1972,,-15.6,35,,,,1742.7,376,,,,,,320,,,,,
203,이천,1973,11.1,-25.7,34.4,6,16.4,,1180.7,73.8,73.2,3396.9,75.8,6057.66,1.4,270,1133.3,,,,
203,이천,1974,9.9,-22.3,33.6,4.6,15.5,,1182.7,102.1,75.2,3209.7,72.38,9377.33,1.2,320,1053.1,,,,
203,이천,1975,11.4,-19.1,33.6,6.3,17.2,,1311.9,141.4,73.3,3152.4,71.08,4623.12,1.2,320,1198,457.5,,,
203,이천,1976,10.5,-18.8,33.2,5.2,16.2,,1234.9,141,71.3,3061.7,68.86,8559.17,1.3,270,1159.3,581.7,,,
203,이천,1977,11.3,-19.4,38.3,5.6,17.6,,1031.1,99.8,70.2,2984.2,66.6,10737.07,1,270,1240.3,552.2,,,
203,이천,1978,11.6,-19.4,35.2,6,17.6,,1138.4,157.1,73.3,2916.8,65.77,10527.23,1,270,1277.5,599.6,,,
203,이천,1979,11.5,-19,33.6,6.4,17.2,,1373.9,81,77.4,2793.5,62.99,10107.14,1.1,270,1132.9,509.5,,,
203,이천,1980,9.9,-21.2,32.4,4.7,15.7,,1441,124.9,76.2,2672.2,60.37,10211.27,1.1,320,1122.2,501.4,,,
203,이천,1981,10,-26.5,35,4.5,16.1,,1445.8,148,75.6,2679.2,60.44,11125.27,0.9,230,1163.9,560.5,,,
203,이천,1982,11.3,-16.5,35.6,5.8,17.8,,954.7,92.1,72.2,2733.4,61.64,4682.04,0.9,270,1266.1,599.2,,,
203,이천,1983,11.3,-17.4,35.6,6.2,17.4,,949,65,72.5,2660,59.77,,0.8,320,999.3,,,,
203,이천,1984,10.7,-21.4,36.4,5.6,16.9,,1198.5,184.5,72,2644.1,59.29,,0.8,320,982,,,,
203,이천,1985,11,-23.2,36.5,6.2,16.6,,1402.6,104.5,72.6,2500.8,56.21,,0.9,320,804.9,,,,
203,이천,1986,10.5,-21.6,35.1,5.4,16.3,1020.3,1194.1,83,69.4,2635.7,59.23,,1,270,941.1,,,,
203,이천,1987,11.2,-18.4,33.7,6.2,17.1,1017.2,1870.1,238.5,68.6,2573.2,57.82,,1,290,986.4,,,,
203,이천,1988,11.2,-14.1,36.2,5.9,17.3,1016.2,1005.3,96.4,65.8,2716.5,60.92,,0.9,230,1076.7,,,,
203,이천,1989,12.1,-13.4,34.4,7.1,17.9,1016.4,1452.2,93.2,70.7,2486.9,55.89,,0.6,230,1118.8,,,,
203,이천,1990,12,-20.7,35.9,7.3,17.5,1016.6,2313.3,273.6,73.1,2205.3,49.56,,0.6,270,992.9,,,,
203,이천,1991,11.5,-18.7,35,6.2,17.5,1016.4,1379.1,89.9,68,2559.2,57.8,,0.7,250,,,,,
203,이천,1992,11.3,-13.5,33,6.3,17.1,1016.7,1207,185.5,70.2,2381.2,53.39,,1,290,,,,,
203,이천,1993,11.2,-14.7,32.2,6,16.9,1017.1,1251.8,121,66.6,1921.2,43.18,,1.1,270,,,,,
203,이천,1994,13,-14.4,38.2,7.3,19.3,1016.2,1118.8,135.5,65.6,2202,49.49,,1.1,270,,,,,
203,이천,1995,11.3,-15.3,36,5.5,18,1015.6,1423.9,126,67.8,2257.9,50.74,,1.3,250,,,,,
203,이천,1996,11.6,-16.1,35.8,6.1,18.1,1015.9,1122.1,134.5,64.6,2237.5,50.17,,1.3,50,,,,,
203,이천,1997,11.5,-16.2,35.4,5.5,18.7,1015.6,1282.9,136,63.9,2271.7,51.05,,1.3,50,,,,,
203,이천,1998,12,-16.5,31.7,7,18,1015.9,1807.5,174.5,68.5,1956.2,43.96,,1.1,50,,,,,
203,이천,1999,11.5,-15.5,34.3,6.1,17.7,1015.5,1675.3,189.5,63.8,2107.9,47.37,,1.2,250,,,,,
203,이천,2000,11.3,-15.3,33.6,5.9,17.4,1015.5,1264.9,241,59.6,1632.6,47.47,,1.3,250,,,,,
203,이천,2001,11.1,-23.2,34.5,5.5,17.6,1016.3,884.9,76,62.3,2326,52.28,,1.4,230,,,,,
203,이천,2002,11.4,-17,34.5,6,17.7,1016.1,1394.6,279,65.1,2179.5,48.97,,1.4,270,,,,,
203,이천,2003,11.5,-20.2,32,6.4,17.4,1016.9,1715.2,120,70.6,1957.3,43.96,,1.2,70,,,,,
203,이천,2004,12,-18,35.9,6.4,18.4,1016,1177.4,101.5,69.2,2260.3,50.65,,1.1,270,,,,,
203,이천,2005,11.6,-17.5,35.7,6.2,17.7,1015.3,1303.3,87,70.7,2312.8,51.94,,1.3,250,,,,,
203,이천,2006,12.2,-15.5,35.5,7.1,18,1015.8,1464.8,207.5,69.3,2115.5,47.51,,1.2,270,,,,,
203,이천,2007,11.8,-14.1,34.2,6.8,17.8,1015.3,1414.8,87.5,70.6,1815,40.76,,1.2,250,,,,,
203,이천,2008,11.5,-14.3,35,6.1,17.9,1017.9,1170.7,162.5,69,2015.4,45.17,,1.3,250,,,,,
203,이천,2009,11.6,-16.6,33.8,6,17.9,1017.4,1401.5,304,64.7,2065,46.37,,1.4,250,,,,,
203,이천,2010,11.1,-22.8,34.1,6.1,16.9,1017.9,1429.6,187,69.1,1827.9,41.19,,1.4,250,,,,,
203,이천,2011,11,-20.6,34.7,5.7,17.1,1017.6,2045,206,66.8,2052.1,46.09,,1.4,250,,,,,
203,이천,2012,11.1,-22.8,37.7,5.7,17.4,1016.1,1559.2,247.5,64.4,2386.1,53.47,,1.3,250,,,,,
203,이천,2013,11.4,-22.5,34.3,6.1,17.4,1016.2,1366.6,202,66,2329.1,52.31,,1.3,250,,,,,
203,이천,2014,11.9,-14.9,34.7,6.4,18.3,1016.8,791.5,58.1,62.8,2332.3,52.38,,1.3,250,,,,,
203,이천,2015,12.4,-14,36.3,6.8,18.7,1016.6,842.5,56,62.4,2372,53.27,,1.4,250,,,,,
203,이천,2016,12.7,-18.5,36.3,7.2,19,1016.7,870.2,83.2,62.6,2311.3,51.8,,1.3,250,,,,,
203,이천,2017,11.7,-17.4,37.1,5.9,18.2,1016.9,1020,73.9,62.1,2498,56.1,,1.4,250,,,,,
203,이천,2018,11.7,-19.2,39.4,6,18.3,1017.4,1425.5,168.4,64.5,2502.9,56.21,,1.4,250,,,,,
203,이천,2019,12.3,-14.6,37.3,6.6,18.9,1017,997.5,63.8,66.9,2283.1,51.28,,1.3,250,,,,,
203,이천,2020,12.5,-15.5,34.8,7.3,18.4,1017.2,1668.8,143.2,72.5,2067.3,46.33,,1.2,290,,,,,
203,이천,2021,12.7,-21.4,36,7.3,18.8,1017.1,1076.6,83.9,72.8,2034.6,45.69,,1.1,270,,,,,
203,이천,2022,12.2,-17.8,34.7,6.6,18.4,1017.4,1537.3,141,70.7,2085.2,46.83,,1.1,270,,,,,
203,이천,2023,13.1,-18.7,35.6,7.6,19.1,1017.3,1633.4,120.9,73.1,2003.3,44.99,0,1,230,,,,,